169ebad92829028c,[파리바게트 케익 이벤트] 스토리지 관리를 근본적으로 변화할 수 있는 기술 : HPE Infosight,1
169eb72c79c71a04,"성식님, Google 포토에서 만든 항목을 확인해 보세요",1
169eb64e4da5cb92,"(광고) [AI 컨퍼런스] 성공적인 AI 비즈니스를 위한 실전가이드! NAVER, 그랩, 월마트랩스, Pfizer(화이자), CJ대한통운, 신한은행, 한국씨...",1
169eb5ae0a2e6c0a,"(광고)[하나카드, 기타안내]베트남 인기 복합 쇼핑센터 베트남 롯데마트 제휴 기념",1
169eb1e67c347736,AWS Builders | AWS 4월 기초교육 온라인 세미나에 초대합니다!,1
169eb07ffdcd2ff4,[지니] 사용중인 이용권이 3일 후 연장결제 됩니다.,1
169eadc443bf53ba,"New! Degrees & MasterTrack Certificates in Data Science, Computer Science, and more",1
169ea2b7b2747b9f,힐링콘텐츠 창작캠프 'HEAL더WORLD' 영상 2편을 소개합니다,1
169e941c9e46a448,Training and workshops are selling out!,1
169e93653523dec8,Ethical Hacking Career Program starts TOMORROW - 40% OFF code HACKER40,1
169e91b290d1467d,Competition Launch: Freesound Audio Tagging 2019,1
169e8e5a314dd55c,건망증,1
169e8be43ad7167b,You’re on your own,1
169e83f0492bcaf1,[CIO 뉴스레터] ‘웨자일 피하려면…’ 성공적 애자일 팀의 조건,1
169e7eb52c2c2f63,5 Easy Ways to Measure Project Success,1
169e7d1ca54b2fa6,[ITWorld 뉴스레터] 삼성 갤럭시 S10·노트 9을 즉각 ‘더 편하게’ 만드는 15가지 방법,1
169e776dc15d3ba2,[4월월간세미나] Fast Follower(빠른 추적자)와 First Mover(선도자)의 프로젝트관리 방법론 (2PDU),1
169e74adb9ea46b0,[온오프믹스] 광고성 정보 수신동의 여부 확인 안내,1
169e6f4fef5f08c0,"'IBM 하이퍼컨버지드 시스템', 고성능 엔터프라이즈 인프라 및 프라이빗 클라우드 플랫폼",1
169e6b94c3ec399e,An Education for a High-Growth Computer Science Career,1
169e38526237b869,새로운 환경에서 로그인 되었습니다.,1
169e05aa5f321782,"이성식 님에게 도착한 새 업데이트 3, 이직/승진 소식 1",1
169deb05c2416999,이성식 님과 LinkedIn 1촌을 맺고 싶습니다.,1
169db86e0cfeceef,"[KAIST-AI대학원] 2019학년도 가을학기 KAIST AI 대학원 입시설명회 (4/02, 화) 공지 재안내",1
169d89e7c0cc0971,"[교보문고] 이성식님, 주문하신 상품은 모두 잘 받으셨나요?",1
169d84155323ce54,"🎤인터뷰 #05, 인프런 최연소 지식공유자, 서울대컴공 19학번 되다 - 두들낙서 편",1
169c8fddb139ad63,insig.woo님 외 3명이 회원님을 팔로우합니다,1
169c7d29cf288764,"성식님, Google 포토에서 만든 항목을 확인해 보세요",1
169c7c74d0b9eeee,[한국IT비즈니스진흥협회]AI이노베이션스퀘어 2차 교육생 모집[5월-6월],1
169c391964691473,[KAIST-AI 대학원] 2019학년도 가을학기 KAIST AI 대학원 입시설명회 공지,1
169bcb4ccc78a2d1,김용필 님의 이직/승진(KT 미디어서비스1팀 팀장(부장))을 축하해 주세요.,1
169bc534911249b0,[Top 5] 딥러닝 / 머신러닝 ♫ 가장 많이 판매된 책 5종을 소개합니다.,1
169b59e2c6c28e66,"[교보문고] 이성식님, 주문하신 상품의 배송상태를 알려드립니다.",1
169b4dfd9230d268,"[SW기술협""NoSQL프로그래밍""<재직자 유료/무료교육>""와""Java 디자인 패턴""'외",1
169b414fe0d54d0a,[교보문고] 이성식님의 주문이 접수되었습니다.,1
169b412edb370554,"이성식님, (주)교보문고에서 [신용카드]결제하신 내역입니다.",1
169b3ab23ada0c54,[교보문고] 새로워진 교보북클럽 멤버십을 확인하세요!,1
169a456a5a3e584a,비씨카드 휴대폰메시지 표준약관 제정 안내,1
169a35ab5cf1a9c8,"[텐서 ≈ 블로그 메일링 리스트] <핸즈온 머신러닝>, <케라스 창시자에게 배우는 딥러닝> 에러타를 안내해 드립니다.",1
16998da349b8fb2f,[새 글] “[개정판] 파이썬 라이브러리를 활용한 머신러닝”이 출간되었습니다!,1
169983107ef8d801,"이성식 님에게 도착한 메일 1, 새 업데이트 3",1
16995fc6ffd330af,TensorFlow Dev Summit 2019 Extended Pangyo 참가자 티셔츠 사이즈 조사,1
16991f897459f83f,이성식 님에게 추천해 드리는 1촌,1
169902d3e1163e21,"성식님, 새 Apple iPhone에 최신 Google 앱이 설치되어 있지 않습니다.",1
169902c5034a679f,보안 알림,1
1698e004e655fd11,"(광고) 2019 컴퓨터비전 기반의 AI 얼굴인식,영상인식 및 처리와 구현기술 세미나 [3,26(화)~27(수)/전경련회관]",1
16980c53137fe547,[SW기술협]<재직자 유료/무료교육>'JavaScript 실무'와 'Linux Kernel 이해와 응용'외,1
1698003bebd27e32,"이성식님, 페스타(Festa)에서 결제하신 내역입니다.",1
1697fe52c847b1dd,(KB국민카드) 이성식님 2019년03월 명세서,1
1697f856a276b802,[FESTA] 결제하신 티켓 내역을 안내해드립니다.,1
16975f09a6f56350,새로운 환경에서 로그인 되었습니다.,1
16975a9623801029,AI 여정을 가속화하는 핵심 로드맵 - IDG Summary,1
169751a099628d3e,극세사 인터넷에 초대합니다,1
1697458b85739284,"(광고) 이성식님 딥러닝 이론 공부에 지치셨다면, Pytorch로 차근차근 시작해보는 건 어떨까요 😊?",1
1696f22fc2eb8b88,[AI EXPO KOREA 2019] 국제인공지능대전 개최 안내! (조기신청 할인 ~3/29까지),1
1696c776b09564ea,Apple에서 발행한 영수증입니다.,1
169669b664c58d9e,[하나금융투자] 이*식 고객님의 2019년 02월말 집합투자증권 잔고 입니다.,1
1696579ead50c283,이성식 님! 새로운 1촌 선영김 님과 대화해 보세요.,1
1695a9fd87cbf463,인공지능의 세대 교체 “설명가능한 AI” - IDG Tech Report,1
16956a2ddd87a739,[새 글] “머신 러닝 교과서” 베타 테스터 모집합니다!,1
16955461b89f1ed6,(광고) 마지막 찬스. 특별 행사는 3/15까지.,1
16950ad6fe62cd1a,이성식 님과 LinkedIn 1촌을 맺고 싶습니다.,1
1695088f96227672,[지니] 사용중인 이용권이 3일 후 연장결제 됩니다.,1
1694f32e8fe2b843,[가비아] 도메인 부가서비스 신청서가 접수되었습니다,1
1694f20cf0cbc720,NHN KCP - 가비아(Gabia)의 결제 내역입니다.,1
1694f20c758d934a,[가비아] 서비스 결제 내역을 안내해 드립니다,1
1694f116542009d9,회원 정보가 변경되었습니다,1
1694f10d79b92d07,비밀번호가 변경되었습니다,1
1694f0eb847f7d79,[가비아] 임시 비밀번호를 알려드립니다,1
1694f05f1680d4de,[가비아] 회원 가입이 완료되었습니다,1
1694e9019125e1df,[ 공공데이터포털 ] 회원가입을 위한 이메일 인증번호,1
169579cd10179b53,같이 제안서 쓰던 워드맨 강병익 입니다. 혹시 예전 KT에서 근무하셨던 이성식 과장님 맞으신가요,1
16949dd157e29a80,이성식 님에게 추천해 드리는 1촌,1
169489a666f76791,"[CIO 뉴스레터] SD-WAN, NFV, IBN 도입 시 혼란을 최소화하는 방법",1
169485bbabf8865b,[SW기술협]<재직자 유료/무료교육>'이더리움 기반 스마트 컨트랙트 개발하기'와 'SW 프로젝트관리 - PMBOK 6.0과 프로젝트 사례'외,1
169482cc9d9d28ce,"[ITWorld 뉴스레터] 리뷰 | ‘4G 막차’ 삼성 갤럭시 S10+, 시대를 잘못 만난 수작",1
16947fe737213ac4,Fwd: AWS re:Inforce | Registration Opens March 12,1
16947b095f3a402f,[3월PM교육] PDU를 취득할수 있는 프로젝트관리 교육 및 세미나 안내,1
169479ae2545720b,TOP point - 이성식님의 소멸 예정 포인트를 알려드립니다 (13310760),1
169465560daa1a89,"[Atlas Labs] <AI, 음성인식의 비즈니스 적용을 위한 기술 세미나> 에 초대합니다.",1
16945fd235caa43d,"[필독사항] 여러분, 쿠폰을 쓰셔야 합니다. 😂😂",1
1694598c36621937,자동화를 너머 로봇과 협업한다 ‘RPA의 현재와 미래’ - IDG Tech Focus,1
16934086b77357eb,CJ ONE 포인트 적립 기준 변경 안내,1
1693400c60ae73b3,"[CIO 뉴스레터] 완성도 높아진 MS 홀로렌즈 2, 기업 시장 모멘텀 기대 '모락모락'",1
16933326c0fd1f22,[SW기술협]<재직자 유료/무료교육>'이더리움 기반 스마트 컨트랙트 개발하기'와 'SW 프로젝트관리 - PMBOK 6.0과 프로젝트 사례' 외,1
1693159d26a93cad,[AI EXPO KOREA 2019] 국제인공지능대전 개최 안내! (조기신청 할인 ~3/29까지),1
1692c8c6683bf321,[새 글] TensorFlow 1.13.1 Release,1
1692342a670376cb,[발표자료] KEB하나은행과 한빛미디어가 함께하는 <블록체인 기술 세미나>에 참여해 주셔서 감사합니다.,1
16914b6e71394439,[SW기술협]<재직자 유료/무료교육>'IoT 네트워크 프로그래밍'과 'Linux Kernel 이해와 응용' 외,1
169136f1401ee923,[새 글] Fast Gradient Boosting Tree,1
16915804764f3c23,[한국IT비즈니스진흥협회]인공지능센터 고급 과정(오후) 교육생 선정안내,1
1690dd8e4d96c54d,[새 글] 이펙티브 텐서플로 2.0,1
1690a2333cfdc7e8,[KISA 핀테크 아카데미] 핀테크 서비스 개발 실습 중급과정 교육생 모집(~3/10),1
1690673f9a5ba256,[PM교육] 프로젝트 1 Page 보고서 작성 전문가과정 (8PDU : Strategic ),1
16903fe4b0cbf98e,[하나금융투자]펀드수시공시 안내,1
169033b163b96cac,"(광고) 이성식님, 요즘 논문 쓰고 계시나요?",1
168ef9e2bc76514f,수강신청 완료후 대기상태,1
168eb41291ccc637,[SW기술협]<재직자 무료교육>'Python 데이터 수집과 분석'와 '이더리움 기반 스마트 컨트랙트 개발하기' 외,1
477,네이버 메일 1차 휴면이 해지되어 메일을 받을 수 있습니다.,1
476,네이버 아이디의 휴면이 해제되었습니다.,1
475,네이버 아이디가 휴면 상태로 전환됩니다.,1
473,안녕하세요. 민스뮤직 출판 관리자 입니다..,1
472,개인정보 이용내역을 안내 드립니다.,1
469,"축하드려요 맥 쓰는 사람들 [구 맥북을 쓰는 사람들, 맥쓰사] 카페에 가입 되셨습니다.",1
466,네이버 메일 1차 휴면이 해지되어 메일을 수신받을 수 있습니다.,1
463,축하드려요 통기타 배워보리 카페에 가입 되셨습니다.,1
462,축하드려요 낭만의 통기타 카페에 가입 되셨습니다.,1
461,축하드려요 이성식 기타교실 카페에 가입 되셨습니다.,1
460,축하드려요 그랩더기타 [통기타/배우기/독학/동영상강좌/악보/동영상/강좌] 카페에 가입 되셨습니다.,1
451,"축하드려요 우드워커 - 취미 목공, DIY, 원목가구 카페에 가입 되셨습니다.",1
447,축하드려요 영흥도 농어바위 캠핑장 카페에 가입 되셨습니다.,1
446,축하드려요 뮤즈캠핑장 카페에 가입 되셨습니다.,1
445,축하드려요 씨사이드힐캠핑장 카페에 가입 되셨습니다.,1
444,[네이버] 개인정보 이용내역을 안내해드립니다. ,1
443,N드라이브 운영원칙 개정 사전 안내 ,1
435,"축하드려요 아이컨, 경영컨설턴트, 전문가, 대학생들의 만남 (구 씨모어) 카페에 가입 되셨습니다.",1
431,네이버 카페 이용약관 변경 사전 안내 ,1
430,[N드라이브] 당신의 2013년 어떤 일이 있었나요?,1
429,축하드려요 C(Communication).H(Human).U(Unification).N(Necessity) 카페에 가입 되셨습니다.,1
428,[N드라이브] 보다 편리하고 강력해진 기능 4가지를 소개합니다. ,1
415,itleader2@naver.com,1
413,itleader2@naver.com,1
411,네이버포토뷰어로 N드라이브 사진도 보고 문화상품권도 받으세요,1
376,네이버 유료이용약관 변경 관련 재안내,1
375,네이버 유료이용약관 변경에 따른 고객안내 공지,1
353,위젯과 가로보기로 더욱 편리해진 네이버 메일앱을 지금 설치해보세요!,1
349,축하드려요 도곡레고교육센터 카페에 가입 되셨습니다.,1
310,축하드려요 &quot;Finance Company&quot; - 금융업(금융쟁이) 관련 종사자들의 카페 카페에 가입 되셨습니다.,1
169ead21beb8a1ed,"(광고) 금융, 의료산업에 과감하게 제안하는, ‘하이브리드 클라우드’ 그 모든 것!",0
169ea6402fcff576,[도미노피자 이벤트] 2019 AI를 위한 클라우드 도입 및 확장 현황 조사,0
169e5ab7ad116555,(광고) 의료용 IoT 기기를 위한 솔루션 확인하면 추첨해 선물 증정!,0
169e53db9b75bc3e,(광고) 지금까지 이런 ERP는 없었다! 이것은 꿀인가 ERP인가,0
169daf0e7d3fbf9c,"[파리바게트 케익 이벤트] '앱 데이터 간극'을 줄이는 참신한 접근법, Nimble Storage의 비밀 - IDG Summary",0
169c6c4e48a184ba,[나무기술] Newsletter Vol. 19-3 (2019년 3월 29일),0
169c08009e60b1d2,Basic SAP FICO integration topics,0
169bd4e167e3357a,"(광고) 베스핀 교육세미나 3탄, 빅데이터 구축 전략! 아직도 등록을 안하셨다면, 지금입니다.",0
169bce6c215e48fb,"(광고) [AI World 2019] 인공지능, 선택 아닌 필수! 국내외 AI 활용 사례_Grab, Walmart Labs, Pfizer, CJ대한통운, 신...",0
169babdd2e6d1ab1,SAP S/4HANA Resources and Free Download,0
169b8dec76741a7b,"(광고) LeeAlex님, 탈잉 50%모음 🎁곧 마감됩니다. 놓치지 마세요!",0
169b193d558c0328,"(광고)이성식님 설레는 봄, 화사한 플라워박스와 함께 향긋한 하루를 시작하세요! ▶전국당일배송 꽃바구니/꽃다발/꽃상자◀",0
169ad3900a9c6987,"대지의 70%는 정원, 여유 있는 전원의 삶을 담은 2층 단독주택",0
169a81ca5747f249,"이 성식 님, 반품 배송비를 환불해드립니다.*",0
169a815dec9996d8,(광고)[GS&POINT] 회원님을 위해 준비한 3월의 풍성한 이벤트와 다양한 혜택을 지금 확인해 보세요!,0
169a4134fee569ff,(광고) 2019 월드IT쇼 뉴스레터 VOL.3,0
169a220d18b98181,(광고)이성식님 선물하기 좋은 인테리어 화분 추천! 분위기 전환과 공기 정화까지★ | 전국당일배송 결혼식 축하화환/근조화환,0
1699ec5a5f626c6b,[사단법인피엠전문가협회] 다섯 개 프로세스 그룹으로 확인하는 PMP 요약,0
16999f1d68e802f0,"이 성식님, Gearbest 5주년 세일 소식을 알려드립니다.",0
16999b60d4b68268,하이브리드 / 멀티클라우드 환경에서 애플리케이션 딜리버리에 필요한 여섯 가지 외,0
16999481b376c3ce,"(광고) [전체 리포트 제공] 베스핀글로벌, 가트너 매직 쿼드런트 퍼블릭 클라우드 MSP에 3년 연속 등재, '챌린저' 선정",0
1699910a9e5ad5b3,"(광고)[하나카드, 기타안내] 지금까지 이런 할인은 없었다. 돈키호테 트리플 할인 혜택",0
169986e6b679d57b,(광고) [마감임박] 개발자를 위한 Microsoft 최대 기술 컨퍼런스,0
1699759ca8ab06f0,Learn S/4 HANA FICO,0
169952470e9fecbe,[사단법인피엠전문가협회] 애자일 프로젝트관리의 실무 적용 과정 [4/4~4/5],0
1698ef3a45b033da,"(광고) ""컨테이너 오케스트레이션의 미학 - 쿠버네티스 데이 코리아 2019"" 개최안내 [3월 29일 / 잠실역",0
1698d873821365b5,(광고)이성식님 마음을 전하는 꽃 선물 추천>> 화사한 봄 꽃다발/꽃상자/꽃바구니 전국당일배송★,0
16980ef801875ee5,"(광고) 대박, 30년만에…?",0
16979001ba5899a0,(광고)이성식님 ★3/14 화이트데이 내사탕을 받아줘~ ♥ 전국당일꽃배달 [사탕꽃바구니/꽃다발],0
169778450929f9c8,Every little thing she designs is magic,0
1697540ff0e3c0e4,"(광고) 아이나비 국내 최초, 4채널 All Full HD 커넥티드 블랙박스 출시!",0
16973c7685c4e5c8,(광고)이성식님 화이트데이 D-1 내연인을 위한 로맨틱이벤트 ♣전국당일꽃배달♣,0
169697aadb633c31,(광고)이성식님 ♥전국당일배송 화이트데이 미리준비하세요! 꽃+캔디 예약 >>,0
1695a6bd746c47a6,See Who's Coming to GTC 2019,0
1695a07926a6607e,(광고)이성식님 미세먼지 완벽퇴치 하세요! #스투키 #공기정화식물 #전국당일배송 | 화이트데이 달달한 꽃상품 미리보기♥,0
1695907c7be9d1e3,New SAP Books and Video Tutorials,0
1695446a60b18761,RE: do companies actually pay people to do this?,0
1695217189eaa582,USPS ticket #61747,0
1691d0793b537d75,전원적인 동시에 현대적인 교외 단독주택,0
168dee912fa62f33,(광고) [서울대 공과대학]미래융합기술최고위과정(FIP) 모집안내(블록체인·인공지능·사물인터넷IoT·스마트 머신·스마트 제조),0
468,(광고) [선착순노하우공유!] 영어왕초보도 월500버는 엄마표 과외교사 양성과정 &amp; 비법노하우 (+ 추후 공무방 무자본 창업),0
465,(광고) [선착순노하우공유!] 영어왕초보도 월500버는 엄마표 과외교사 양성과정 &amp; 비법노하우 (+ 추후 공무방 무자본 창업),0
464,(광고) [선착순노하우공유!] 영어왕초보도 월500버는 엄마표 과외교사 양성과정 &amp; 비법노하우 (+ 추후 공무방 무자본 창업),0
457,우드워커 공동구매합니다.,0
456,배송비만 내면 자투리 목재가 내손에,0
455,우드워커 공동구매합니다.,0
454,우드워커 공동구매합니다.,0
453,우드워커 공동구매합니다.,0
452,우드워커 공동구매합니다.,0
449,(광고)국내 최정상 히트메이커 이단옆차기의 작곡 노하우를 알고싶다면!,0
448,(광고)꿀팁! 사랑하는 사람에게 마음을 전하고 영화도 볼수있는 1+1 행사 진행 중!!,0
